failToRecourse,acc,jsd,avgRecourseCost,avgNewRecourseCost,avgOriginalRecourseCost
0.08213552361396304,0.0,0.11781381470371742,0.21405731272410403,0.2509376189877226,0.1834161560163602
0.5075885328836425,0.0,0.09089407118392691,0.15327014633563518,0.16453747482760445,0.1405032093753104
0.4603174603174603,0.694263888888889,0.08958904874500594,0.17340927353779917,0.20263088392029985,0.12655809656089737
0.32465543644716693,0.6327083333333333,0.09379632181432399,0.19976148288483334,0.2310583685103298,0.1539381182708994
0.3466076696165192,0.6525,0.08828299602662977,0.1945524049166036,0.22266557484131316,0.14390223100266375
0.16147308781869688,0.5922361111111111,0.08150884357288171,0.20501085972908073,0.23211397452587731,0.1555747783397239
0.19425444596443228,0.5974861111111112,0.07982180733825676,0.20433157036794664,0.23637662941038398,0.1466259084907609
0.2324621733149931,0.6149027777777778,0.07972650306269864,0.21170154258233873,0.23209980349036943,0.17031007148979266
0.07162162162162163,0.5719722222222222,0.07254256838550675,0.2058113697770655,0.22595124970103,0.1660977912924597
