failToRecourse,acc,jsd,avgRecourseCost,avgNewRecourseCost,avgOriginalRecourseCost
0.0,0.0,0.3501167981462853,0.18030744068948285,0.17998278058181674,0.18064015022130583
0.07216494845360824,0.0,0.3783993594305239,0.1776384125264331,0.19021822248136772,0.16184051165279428
0.07389162561576355,0.9544132755228195,0.36791743443280794,0.18023673029826437,0.1893677951997776,0.16529498773215187
