failToRecourse,acc,jsd,avgRecourseCost,avgNewRecourseCost,avgOriginalRecourseCost
0.0,0.0,0.3553581971296753,0.16410752607860485,0.16434509494807378,0.1638699572091357
0.0784313725490196,0.0,0.3908699520777624,0.18526165956874463,0.18486211412555603,0.18590707913081825
0.07389162561576355,0.9555688456189151,0.3595744251400497,0.17521787957702734,0.16239596449139324,0.19301771463708414
