failToRecourse,acc,jsd,avgRecourseCost,avgNewRecourseCost,avgOriginalRecourseCost
0.004149377593360996,0.0,0.3574397858811629,0.1802954457485507,0.18320350632462015,0.1771617597829588
0.06103286384976526,0.0,0.362568358495099,0.1808456318927979,0.17999895850674413,0.18207184852087593
0.0851063829787234,0.9564494147827481,0.3784086117775793,0.17239420365066094,0.16840559117945422,0.17814402162863405
